날짜,공매도,매수,비중
2015-09-24,400,1325258,0.03
2015-09-25,0,725178,0.0
2015-09-30,0,303228,0.0
2015-10-01,0,143107,0.0
2015-10-02,0,95944,0.0
2015-10-05,0,70812,0.0
2015-10-06,0,77299,0.0
2015-10-07,65,55457,0.12
2015-10-08,0,49541,0.0
2015-10-12,0,69021,0.0
2015-10-13,0,93453,0.0
2015-10-14,0,135759,0.0
2015-10-15,0,213553,0.0
2015-10-16,0,61750,0.0
2015-10-19,0,49227,0.0
2015-10-20,0,63728,0.0
2015-10-21,0,39794,0.0
2015-10-22,0,67116,0.0
2015-10-23,0,62589,0.0
2015-10-26,0,151687,0.0
2015-10-27,0,50448,0.0
2015-10-28,78,42180,0.18
2015-10-29,0,31701,0.0
2015-10-30,0,62294,0.0
2015-11-02,78,138764,0.06
2015-11-03,0,76171,0.0
2015-11-04,0,115316,0.0
2015-11-05,0,127550,0.0
2015-11-06,0,93270,0.0
2015-11-09,0,90507,0.0
2015-11-10,0,70520,0.0
2015-11-11,0,78291,0.0
2015-11-12,0,85073,0.0
2015-11-13,0,33084,0.0
2015-11-16,0,28745,0.0
2015-11-17,0,27880,0.0
2015-11-18,0,27669,0.0
2015-11-19,90,25310,0.36
2015-11-20,0,26194,0.0
2015-11-23,0,21903,0.0
2015-11-24,0,36870,0.0
2015-11-25,0,38563,0.0
2015-11-26,0,35991,0.0
2015-11-27,0,36321,0.0
2015-11-30,0,12378,0.0
2015-12-01,0,14497,0.0
2015-12-02,0,18154,0.0
2015-12-03,0,8819,0.0
2015-12-04,0,17755,0.0
2015-12-07,93,20513,0.45
2015-12-08,104,37856,0.27
2015-12-09,0,30132,0.0
2015-12-10,0,45520,0.0
2015-12-11,74,17721,0.42
2015-12-14,62,37324,0.17
2015-12-15,0,23534,0.0
2015-12-16,221,31452,0.7
2015-12-17,0,17971,0.0
2015-12-18,744,24732,3.01
2015-12-21,0,28112,0.0
2015-12-22,0,37125,0.0
2015-12-23,0,22348,0.0
2015-12-24,0,244155,0.0
2015-12-28,74,108209,0.07
2015-12-29,0,56017,0.0
2015-12-30,225,27971,0.8
2016-01-04,55,24281,0.23
2016-01-05,0,19449,0.0
2016-01-06,1547,22495,6.88
2016-01-07,399,12264,3.25
2016-01-08,0,66138,0.0
2016-01-11,0,18111,0.0
2016-01-12,0,23631,0.0
2016-01-13,19,45093,0.04
2016-01-14,0,21251,0.0
2016-01-15,0,22816,0.0
2016-01-18,0,30942,0.0
2016-01-19,128,7209,1.78
2016-01-20,0,26996,0.0
2016-01-21,31,8031,0.39
2016-01-22,70,18564,0.38
2016-01-25,57,19525,0.29
2016-01-26,0,18438,0.0
2016-01-27,0,15547,0.0
2016-01-28,0,42684,0.0
2016-01-29,1,43726,0.0
2016-02-01,0,37536,0.0
2016-02-02,0,67670,0.0
2016-02-03,0,53224,0.0
2016-02-04,0,70606,0.0
2016-02-05,0,81222,0.0
2016-02-11,0,43882,0.0
2016-02-12,17,22832,0.07
2016-02-15,0,14610,0.0
2016-02-16,0,18729,0.0
2016-02-17,0,26596,0.0
2016-02-18,23,24440,0.09
2016-02-19,0,25685,0.0
2016-02-22,0,26564,0.0
2016-02-23,0,26250,0.0
2016-02-24,155,21753,0.71
2016-02-25,74,32966,0.22
2016-02-26,0,36478,0.0
2016-02-29,155,51833,0.3
2016-03-02,930,42740,2.18
2016-03-03,0,38805,0.0
2016-03-04,0,21988,0.0
2016-03-07,381,16883,2.26
2016-03-08,212,26408,0.8
2016-03-09,18,18953,0.09
2016-03-10,14,44175,0.03
2016-03-11,0,12871,0.0
2016-03-14,0,11626,0.0
2016-03-15,0,7512,0.0
2016-03-16,19,11069,0.17
2016-03-17,0,40749,0.0
2016-03-18,0,77995,0.0
2016-03-21,0,93085,0.0
2016-03-22,0,24166,0.0
2016-03-23,0,49549,0.0
2016-03-24,229,14122,1.62
2016-03-25,7,19030,0.04
2016-03-28,74,17833,0.41
2016-03-29,566,13765,4.11
2016-03-30,0,12231,0.0
2016-03-31,0,24774,0.0
2016-04-01,90,24247,0.37
2016-04-04,11,21892,0.05
2016-04-05,1868,22426,8.33
2016-04-06,152,15615,0.97
2016-04-07,29,23232,0.12
2016-04-08,267,33697,0.79
2016-04-11,12,23090,0.05
2016-04-12,399,26742,1.49
2016-04-14,305,26174,1.17
2016-04-15,25,37300,0.07
2016-04-18,418,20243,2.06
2016-04-19,592,31668,1.87
2016-04-20,2132,22449,9.5
2016-04-21,2382,26075,9.14
2016-04-22,1412,14756,9.57
2016-04-25,189,6139,3.08
2016-04-26,0,12581,0.0
2016-04-27,580,28878,2.01
2016-04-28,154,18909,0.81
2016-04-29,494,36445,1.36
2016-05-02,123,12473,0.99
2016-05-03,0,20577,0.0
2016-05-04,1191,12031,9.9
2016-05-09,2579,18898,13.65
2016-05-10,808,18503,4.37
2016-05-11,403,20437,1.97
2016-05-12,721,10844,6.65
2016-05-13,129,21356,0.6
2016-05-16,224,13279,1.69
2016-05-17,1519,15875,9.57
2016-05-18,271,8162,3.32
2016-05-19,2097,16245,12.91
2016-05-20,2628,40255,6.53
2016-05-23,1828,25873,7.07
2016-05-24,1501,38519,3.9
2016-05-25,2434,28554,8.52
2016-05-26,1069,22737,4.7
2016-05-27,290,15139,1.92
2016-05-30,522,40736,1.28
2016-05-31,166,25784,0.64
2016-06-01,148,12324,1.2
2016-06-02,858,9693,8.85
2016-06-03,119,19070,0.62
2016-06-07,385,25631,1.5
2016-06-08,157,12353,1.27
2016-06-09,447,12809,3.49
2016-06-10,138,23932,0.58
2016-06-13,240,12420,1.93
2016-06-14,1580,10007,15.79
2016-06-15,1027,10613,9.68
2016-06-16,619,11930,5.19
2016-06-17,177,7216,2.45
2016-06-20,46,6947,0.66
2016-06-21,0,7443,0.0
2016-06-22,155,8619,1.8
2016-06-23,61,17564,0.35
2016-06-24,241,40174,0.6
2016-06-27,415,24188,1.72
2016-06-28,701,12660,5.54
2016-06-29,402,7637,5.26
2016-06-30,126,18139,0.69
2016-07-01,128,15420,0.83
2016-07-04,83,10567,0.79
2016-07-05,79,4475,1.77
2016-07-06,210,8109,2.59
2016-07-07,153,27317,0.56
2016-07-08,35,13707,0.26
2016-07-11,33,20627,0.16
2016-07-12,5,11094,0.05
2016-07-13,0,13927,0.0
2016-07-14,12,15561,0.08
2016-07-15,1204,15712,7.66
2016-07-18,1363,22002,6.19
2016-07-19,305,25530,1.19
2016-07-20,11,20448,0.05
2016-07-21,0,26208,0.0
2016-07-22,0,40065,0.0
2016-07-25,9,16221,0.06
2016-07-26,0,14952,0.0
2016-07-27,45,63896,0.07
2016-07-28,7,29333,0.02
2016-07-29,0,18353,0.0
2016-08-01,0,20985,0.0
2016-08-02,20,33716,0.06
2016-08-03,53,25534,0.21
2016-08-04,919,15817,5.81
2016-08-05,501,33581,1.49
2016-08-08,77,31471,0.24
2016-08-09,77,34917,0.22
2016-08-10,0,25559,0.0
2016-08-11,69,20702,0.33
2016-08-12,0,34068,0.0
2016-08-16,37,14884,0.25
2016-08-17,151,11847,1.27
2016-08-18,669,19818,3.38
2016-08-19,160,6227,2.57
2016-08-22,107,14096,0.76
2016-08-23,0,23773,0.0
2016-08-24,0,18470,0.0
2016-08-25,395,27492,1.44
2016-08-26,27,10588,0.26
2016-08-29,393,40548,0.97
2016-08-30,357,14781,2.42
2016-08-31,509,23270,2.19
2016-09-01,223,10611,2.1
2016-09-02,387,9799,3.95
2016-09-05,0,18509,0.0
2016-09-06,23,9090,0.25
2016-09-07,132,7513,1.76
2016-09-08,37,13708,0.27
2016-09-09,0,19177,0.0
2016-09-12,73,24890,0.29
2016-09-13,57,16388,0.35
2016-09-19,279,25470,1.1
2016-09-20,0,13072,0.0
2016-09-21,0,8125,0.0
2016-09-22,0,18285,0.0
2016-09-23,5,25615,0.02
2016-09-26,0,11696,0.0
2016-09-27,3,12558,0.02
2016-09-28,0,7135,0.0
2016-09-29,18,12026,0.15
2016-09-30,0,11230,0.0
2016-10-04,0,6242,0.0
2016-10-05,0,22341,0.0
2016-10-06,17,6154,0.28
2016-10-07,1,16049,0.01
2016-10-10,8,8135,0.1
2016-10-11,0,15666,0.0
2016-10-12,0,6914,0.0
2016-10-13,19,15261,0.12
2016-10-14,0,8202,0.0
2016-10-17,0,3731,0.0
2016-10-18,0,5321,0.0
2016-10-19,1,8883,0.01
2016-10-20,0,9130,0.0
2016-10-21,0,13134,0.0
2016-10-24,208,11384,1.83
2016-10-25,88,11148,0.79
2016-10-26,115,8771,1.31
2016-10-27,183,10867,1.68
2016-10-28,209,25127,0.83
2016-10-31,2,17504,0.01
2016-11-01,146,10467,1.39
2016-11-02,108,8666,1.25
2016-11-03,10,23806,0.04
2016-11-04,1,9489,0.01
2016-11-07,0,7601,0.0
2016-11-08,14,9788,0.14
2016-11-09,5,13628,0.04
2016-11-10,9,9390,0.1
2016-11-11,0,6815,0.0
2016-11-14,5,5967,0.08
2016-11-15,0,2743,0.0
2016-11-16,0,3833,0.0
2016-11-17,2,4787,0.04
2016-11-18,5,3818,0.13
2016-11-21,4,7083,0.06
2016-11-22,0,7529,0.0
2016-11-23,9,12869,0.07
2016-11-24,1,2409,0.04
2016-11-25,120,1358,8.84
2016-11-28,69,8246,0.84
2016-11-29,84,7971,1.05
2016-11-30,53,7122,0.74
2016-12-01,48,54131,0.09
2016-12-02,210,17818,1.18
2016-12-05,0,11808,0.0
2016-12-06,2,9442,0.02
2016-12-07,30,6411,0.47
2016-12-08,566,6880,8.23
2016-12-09,190,14347,1.32
2016-12-12,758,12789,5.93
2016-12-13,67,9098,0.74
2016-12-14,47,7380,0.64
2016-12-15,46,8062,0.57
2016-12-16,55,5829,0.94
2016-12-19,194,9174,2.11
2016-12-20,11,28106,0.04
2016-12-21,34,8589,0.4
2016-12-22,9,28512,0.03
2016-12-23,5,9253,0.05
2016-12-26,0,10591,0.0
2016-12-27,0,8595,0.0
2016-12-28,12,3089,0.39
2016-12-29,1,8790,0.01
2017-01-02,0,14224,0.0
2017-01-03,698,37896,1.84
2017-01-04,718,21323,3.37
2017-01-05,720,21875,3.29
2017-01-06,670,6824,9.82
2017-01-09,677,9523,7.11
2017-01-10,348,24463,1.42
2017-01-11,539,15651,3.44
2017-01-12,469,9741,4.81
2017-01-13,204,10756,1.9
2017-01-16,372,7563,4.92
2017-01-17,356,7523,4.73
2017-01-18,0,9356,0.0
2017-01-19,0,7776,0.0
2017-01-20,4,10795,0.04
2017-01-23,0,5486,0.0
2017-01-24,4,15053,0.03
2017-01-25,0,7446,0.0
2017-01-26,2,10303,0.02
2017-01-31,0,5722,0.0
2017-02-01,0,5785,0.0
2017-02-02,12,16010,0.07
2017-02-03,0,16250,0.0
2017-02-06,180,40040,0.45
2017-02-07,84,7668,1.1
2017-02-08,369,12236,3.02
2017-02-09,0,7642,0.0
2017-02-10,104,12035,0.86
2017-02-13,32,14762,0.22
2017-02-14,514,11800,4.36
2017-02-15,21,5778,0.36
2017-02-16,117,12729,0.92
2017-02-17,0,6120,0.0
2017-02-20,265,5021,5.28
2017-02-21,118,19014,0.62
2017-02-22,103,8764,1.18
2017-02-23,0,816,0.0
2017-02-24,268,4599,5.83
2017-02-27,94,10836,0.87
2017-02-28,430,6513,6.6
2017-03-02,501,8351,6.0
2017-03-03,1389,8216,16.91
2017-03-06,0,6910,0.0
2017-03-07,943,11446,8.24
2017-03-08,368,10129,3.63
2017-03-09,102,10972,0.93
2017-03-10,483,21381,2.26
2017-03-13,683,5010,13.63
2017-03-14,1012,9489,10.66
2017-03-15,1209,24861,4.86
2017-03-16,934,131349,0.71
2017-03-17,573,42742,1.34
2017-03-20,90,20516,0.44
2017-03-21,307,43529,0.71
2017-03-22,274,12800,2.14
2017-03-23,147,11558,1.27
2017-03-24,87,14150,0.61
2017-03-27,71,16843,0.42
2017-03-28,79,33778,0.23
2017-03-29,610,21773,2.8
2017-03-30,34,34738,0.1
2017-03-31,82,11908,0.69
2017-04-03,88,8005,1.1
2017-04-04,0,4935,0.0
2017-04-05,0,17451,0.0
2017-04-06,79,10589,0.75
2017-04-07,126,15875,0.79
2017-04-10,4,19470,0.02
2017-04-11,0,21205,0.0
2017-04-12,111,23875,0.46
2017-04-13,0,27827,0.0
2017-04-14,140,25717,0.54
2017-04-17,586,22036,2.66
2017-04-18,0,35451,0.0
2017-04-19,0,19864,0.0
2017-04-20,0,29688,0.0
2017-04-21,0,36978,0.0
2017-04-24,75,29499,0.25
2017-04-25,254,11007,2.31
2017-04-26,0,18894,0.0
2017-04-27,437,12755,3.43
2017-04-28,1350,16879,8.0
2017-05-02,610,26208,2.33
2017-05-04,0,9297,0.0
2017-05-08,188,20311,0.93
2017-05-10,0,15561,0.0
2017-05-11,672,17994,3.73
2017-05-12,190,11818,1.61
2017-05-15,0,21348,0.0
2017-05-16,0,18454,0.0
2017-05-17,0,11878,0.0
2017-05-18,0,19535,0.0
2017-05-19,110,24170,0.46
2017-05-22,0,17823,0.0
2017-05-23,0,22700,0.0
2017-05-24,0,11319,0.0
2017-05-25,118,72331,0.16
2017-05-26,939,162313,0.58
2017-05-29,291,48597,0.6
2017-05-30,112,31063,0.36
2017-05-31,104,56681,0.18
2017-06-01,211,16153,1.31
2017-06-02,109,23140,0.47
2017-06-05,102,12129,0.84
2017-06-07,617,61140,1.01
2017-06-08,529,41395,1.28
2017-06-09,172,21742,0.79
2017-06-12,0,22198,0.0
2017-06-13,0,29982,0.0
2017-06-14,0,12053,0.0
2017-06-15,0,18887,0.0
2017-06-16,64,13131,0.49
2017-06-19,19,16587,0.11
2017-06-20,0,34207,0.0
2017-06-21,0,19709,0.0
2017-06-22,345,18333,1.88
2017-06-23,103,16215,0.64
2017-06-26,0,19545,0.0
2017-06-27,178,21945,0.81
2017-06-28,824,27495,3.0
2017-06-29,617,24632,2.5
2017-06-30,99,10727,0.92
2017-07-03,286,14054,2.04
2017-07-04,607,20178,3.01
2017-07-05,414,11712,3.53
2017-07-06,689,15787,4.36
2017-07-07,453,12189,3.72
2017-07-10,98,27872,0.35
2017-07-11,0,19844,0.0
2017-07-12,0,30758,0.0
2017-07-13,0,18115,0.0
2017-07-14,0,16886,0.0
2017-07-17,40,10717,0.37
2017-07-18,0,15713,0.0
2017-07-19,0,10347,0.0
2017-07-20,0,15946,0.0
2017-07-21,358,11592,3.09
2017-07-24,456,12863,3.55
2017-07-25,351,20203,1.74
2017-07-26,737,16113,4.57
2017-07-27,116,11059,1.05
2017-07-28,454,14256,3.18
2017-07-31,40,20114,0.2
2017-08-01,64,51152,0.13
2017-08-02,0,29151,0.0
2017-08-03,49,26915,0.18
2017-08-04,96,9203,1.04
2017-08-07,0,11156,0.0
2017-08-08,0,8811,0.0
2017-08-09,0,17491,0.0
2017-08-10,2,8220,0.02
2017-08-11,0,8514,0.0
2017-08-14,5,13868,0.04
2017-08-16,0,40068,0.0
2017-08-17,0,44678,0.0
2017-08-18,0,15857,0.0
2017-08-21,0,23058,0.0
2017-08-22,0,14810,0.0
2017-08-23,0,30005,0.0
2017-08-24,136,27731,0.49
2017-08-25,0,33080,0.0
2017-08-28,0,25031,0.0
2017-08-29,0,16055,0.0
2017-08-30,0,13190,0.0
2017-08-31,49,22781,0.22
2017-09-01,0,17577,0.0
2017-09-04,5,16386,0.03
2017-09-05,2,20971,0.01
2017-09-06,2,14858,0.01
2017-09-07,0,11739,0.0
2017-09-08,11,11992,0.09
2017-09-11,6,27002,0.02
2017-09-12,0,16332,0.0
2017-09-13,0,16764,0.0
2017-09-14,0,12537,0.0
2017-09-15,2,18242,0.01
2017-09-18,6,19857,0.03
2017-09-19,7,27501,0.03
2017-09-20,0,13693,0.0
2017-09-21,2,13596,0.01
2017-09-22,0,12381,0.0
2017-09-25,18,21131,0.09
2017-09-26,0,14377,0.0
2017-09-27,0,10477,0.0
2017-09-28,0,7348,0.0
2017-09-29,16,7883,0.2
2017-10-10,29,9691,0.3
2017-10-11,8,16010,0.05
2017-10-12,0,12389,0.0
2017-10-13,5,16067,0.03
2017-10-16,0,16430,0.0
2017-10-17,0,21956,0.0
2017-10-18,0,16335,0.0
2017-10-19,1,16025,0.01
2017-10-20,96,23706,0.4
2017-10-23,2,7325,0.03
2017-10-24,16,16944,0.09
2017-10-25,0,14676,0.0
2017-10-26,42,17950,0.23
2017-10-27,129,24017,0.54
2017-10-30,97,49980,0.19
2017-10-31,461,93040,0.5
2017-11-01,176,28499,0.62
2017-11-02,157,82480,0.19
2017-11-03,152,46616,0.33
2017-11-06,143,27955,0.51
2017-11-07,21,18844,0.11
2017-11-08,8,9904,0.08
2017-11-09,0,20294,0.0
2017-11-10,0,25683,0.0
2017-11-13,0,47969,0.0
2017-11-14,2004,68755,2.91
2017-11-15,318,27472,1.16
2017-11-16,627,23510,2.67
2017-11-17,2100,53548,3.92
2017-11-20,725,19636,3.69
2017-11-21,531,17875,2.97
2017-11-22,880,16840,5.23
2017-11-23,1081,12727,8.49
2017-11-24,606,17197,3.52
2017-11-27,2022,41133,4.92
2017-11-28,1061,28969,3.66
2017-11-29,3987,539046,0.74
2017-11-30,3329,133938,2.49
2017-12-01,9702,138250,7.02
2017-12-04,9298,132543,7.02
2017-12-05,6772,71703,9.44
2017-12-06,150,125576,0.12
2017-12-07,1,65194,0.0
2017-12-08,8,107344,0.01
2017-12-11,0,57595,0.0
2017-12-12,1194,44495,2.68
2017-12-13,534,62962,0.85
2017-12-14,1320,66462,1.99
2017-12-15,278,36694,0.76
2017-12-18,102,45462,0.22
2017-12-19,193,29688,0.65
2017-12-20,251,69802,0.36
2017-12-21,167,37322,0.45
2017-12-22,245,19297,1.27
2017-12-26,0,24109,0.0
2017-12-27,0,27680,0.0
2017-12-28,490,16978,2.89
2018-01-02,30,25037,0.12
2018-01-03,21,52331,0.04
2018-01-04,0,21567,0.0
2018-01-05,66,29194,0.23
2018-01-08,272,62317,0.44
2018-01-09,101,27347,0.37
2018-01-10,478,72701,0.66
2018-01-11,45,40684,0.11
2018-01-12,254,37762,0.67
2018-01-15,2,37768,0.01
2018-01-16,0,30344,0.0
2018-01-17,0,32513,0.0
2018-01-18,96,29944,0.32
2018-01-19,0,39490,0.0
2018-01-22,5,13337,0.04
2018-01-23,0,46944,0.0
2018-01-24,0,41708,0.0
2018-01-25,861,64954,1.33
2018-01-26,1,36417,0.0
2018-01-29,0,74417,0.0
2018-01-30,0,44091,0.0
2018-01-31,2,55602,0.0
2018-02-01,0,40981,0.0
2018-02-02,0,38703,0.0
2018-02-05,0,33121,0.0
2018-02-06,54,65323,0.08
2018-02-07,0,34189,0.0
2018-02-08,4,38345,0.01
2018-02-09,0,34333,0.0
2018-02-12,7,47432,0.01
2018-02-13,308,42952,0.72
2018-02-14,409,33772,1.21
2018-02-19,81,15370,0.53
2018-02-20,13,13835,0.09
2018-02-21,0,34432,0.0
2018-02-22,0,12937,0.0
2018-02-23,63,14084,0.45
2018-02-26,0,35992,0.0
2018-02-27,5,52178,0.01
2018-02-28,0,16107,0.0
2018-03-02,4,17341,0.02
2018-03-05,39,12250,0.32
2018-03-06,132,13287,0.99
2018-03-07,27,12148,0.22
2018-03-08,33,15181,0.22
2018-03-09,0,29163,0.0
2018-03-12,5,19736,0.03
2018-03-13,13,27284,0.05
2018-03-14,40,28413,0.14
2018-03-15,0,21139,0.0
2018-03-16,0,8518,0.0
2018-03-19,13,17567,0.07
2018-03-20,5,10266,0.05
2018-03-21,0,11694,0.0
2018-03-22,0,21411,0.0
2018-03-23,54,39961,0.14
2018-03-26,77,13312,0.58
2018-03-27,10,25578,0.04
2018-03-28,11,13148,0.08
2018-03-29,24,5515,0.44
2018-03-30,38,5958,0.64
2018-04-02,43,6839,0.63
2018-04-03,648,13537,4.79
2018-04-04,436,10015,4.35
2018-04-05,92,16835,0.55
2018-04-06,37,11061,0.33
2018-04-09,54,16528,0.33
2018-04-10,105,24193,0.43
2018-04-11,383,9656,3.97
2018-04-12,0,31709,0.0
2018-04-13,0,21891,0.0
2018-04-16,15,86225,0.02
2018-04-17,0,24128,0.0
2018-04-18,1863,222804,0.84
2018-04-19,0,42184,0.0
2018-04-20,17,46100,0.04
2018-04-23,61,45486,0.13
2018-04-24,80,26988,0.3
2018-04-25,66,24261,0.27
2018-04-26,55,55372,0.1
2018-04-27,25,26591,0.09
2018-04-30,55,199835,0.03
2018-05-02,4,214697,0.0
2018-05-03,246,62580,0.39
2018-05-04,78,49440,0.16
2018-05-08,57,33252,0.17
2018-05-09,109,39221,0.28
2018-05-10,39,37198,0.1
2018-05-11,37,52732,0.07
2018-05-14,0,121781,0.0
2018-05-15,3218,455109,0.71
2018-05-16,0,122192,0.0
2018-05-17,15,99871,0.02
2018-05-18,162,59550,0.27
2018-05-21,4767,40990,11.63
2018-05-23,2939,37342,7.87
2018-05-24,2710,35029,7.74
2018-05-25,1498,141269,1.06
2018-05-28,12236,2051763,0.6
2018-05-29,2969,1390429,0.21
2018-05-30,1078,640091,0.17
2018-05-31,7554,1240649,0.61
2018-06-01,491,351643,0.14
2018-06-04,1040,361054,0.29
2018-06-05,927,208278,0.45
2018-06-07,19448,225095,8.64
2018-06-08,4039,189149,2.14
2018-06-11,3098,642187,0.48
2018-06-12,21147,756125,2.8
2018-06-14,0,322612,0.0
2018-06-15,14832,179653,8.26
2018-06-18,2107,122397,1.72
2018-06-19,1402,143284,0.98
2018-06-20,1782,119297,1.49
2018-06-21,3405,121740,2.8
2018-06-22,476,148682,0.32
2018-06-25,1617,72422,2.23
2018-06-26,2348,220215,1.07
2018-06-27,10179,113871,8.94
2018-06-28,1170,47401,2.47
2018-06-29,5654,64572,8.76
2018-07-02,1697,92699,1.83
2018-07-03,3378,71729,4.71
2018-07-04,1356,37816,3.59
2018-07-05,1432,85718,1.67
2018-07-06,129,74045,0.17
2018-07-09,735,33393,2.2
2018-07-10,12,21530,0.06
2018-07-11,85,27504,0.31
2018-07-12,1396,33126,4.21
2018-07-13,3072,29219,10.51
2018-07-16,1444,44048,3.28
2018-07-17,7738,67120,11.53
2018-07-18,5888,60233,9.78
2018-07-19,1769,71666,2.47
2018-07-20,4772,41010,11.64
2018-07-23,476,81309,0.59
2018-07-24,951,58200,1.63
2018-07-25,986,20128,4.9
2018-07-26,462,29741,1.55
2018-07-27,1121,28348,3.95
2018-07-30,1071,89285,1.2
2018-07-31,3300,53089,6.22
2018-08-01,110,47721,0.23
2018-08-02,1195,30825,3.88
2018-08-03,2561,34709,7.38
2018-08-06,262,18150,1.44
2018-08-07,2997,73285,4.09
2018-08-08,37,29185,0.13
2018-08-09,0,47919,0.0
2018-08-10,0,137256,0.0
2018-08-13,0,117539,0.0
2018-08-14,0,66316,0.0
2018-08-16,0,52993,0.0
2018-08-17,0,49302,0.0
2018-08-20,0,29522,0.0
2018-08-21,0,35951,0.0
2018-08-22,0,40782,0.0
2018-08-23,0,45110,0.0
2018-08-24,20,35927,0.06
2018-08-27,0,35056,0.0
2018-08-28,1,54989,0.0
2018-08-29,13,40924,0.03
2018-08-30,0,36158,0.0
2018-08-31,9,29534,0.03
2018-09-03,0,19158,0.0
2018-09-04,2,36838,0.01
2018-09-05,1,36223,0.0
2018-09-06,3,50864,0.01
2018-09-07,0,51034,0.0
2018-09-10,0,143592,0.0
2018-09-11,0,58529,0.0
2018-09-12,3,53141,0.01
2018-09-13,0,21887,0.0
2018-09-14,14,52404,0.03
2018-09-17,0,27258,0.0
2018-09-18,0,37593,0.0
2018-09-19,0,48517,0.0
2018-09-20,0,47379,0.0
2018-09-21,0,32875,0.0
2018-09-27,0,32219,0.0
2018-09-28,0,27303,0.0
2018-10-01,0,22202,0.0
2018-10-02,0,28687,0.0
2018-10-04,0,40966,0.0
2018-10-05,0,32187,0.0
2018-10-08,3,20355,0.01
2018-10-10,3244,88532,3.66
2018-10-11,0,68934,0.0
2018-10-12,0,35079,0.0
2018-10-15,0,21591,0.0
2018-10-16,39,20330,0.19
2018-10-17,1,31296,0.0
2018-10-18,9,22196,0.04
2018-10-19,0,38976,0.0
2018-10-22,0,26635,0.0
2018-10-23,1702,54875,3.1
2018-10-24,312,39547,0.79
2018-10-25,2610,39084,6.68
2018-10-26,0,100714,0.0
2018-10-29,1320,91505,1.44
2018-10-30,12,45589,0.03
2018-10-31,0,23221,0.0
2018-11-01,106,16379,0.65
2018-11-02,0,29411,0.0
2018-11-05,949,32133,2.95
2018-11-06,2,23892,0.01
2018-11-07,0,34643,0.0
2018-11-08,154,29124,0.53
2018-11-09,337,16843,2.0
2018-11-12,173,11628,1.49
2018-11-13,5751,45119,12.75
2018-11-14,1422,17867,7.96
2018-11-15,1671,27426,6.09
2018-11-16,14,12354,0.11
2018-11-19,12,19640,0.06
2018-11-20,545,25048,2.18
2018-11-21,264,62974,0.42
2018-11-22,36,22746,0.16
2018-11-23,12,10745,0.11
2018-11-26,9,17747,0.05
2018-11-27,0,9293,0.0
2018-11-28,3107,187116,1.66
2018-11-29,40,46274,0.09
2018-11-30,0,50769,0.0
2018-12-03,1,19196,0.01
2018-12-04,10,26895,0.04
2018-12-05,19,17692,0.11
2018-12-06,533,45205,1.18
2018-12-07,642,24713,2.6
2018-12-10,3403,62270,5.46
2018-12-11,3197,49655,6.44
2018-12-12,0,30534,0.0
2018-12-13,0,14079,0.0
2018-12-14,0,26409,0.0
2018-12-17,10,16372,0.06
2018-12-18,114,13443,0.85
2018-12-19,0,51804,0.0
2018-12-20,0,9440,0.0
2018-12-21,0,36053,0.0
2018-12-24,0,15391,0.0
2018-12-26,959,18227,5.26
2018-12-27,0,11178,0.0
2018-12-28,10,62378,0.02
2019-01-02,23,6510,0.35
2019-01-03,2153,14936,14.41
2019-01-04,1658,19225,8.62
2019-01-07,0,9493,0.0
2019-01-08,1,1965,0.05
2019-01-09,24,8570,0.28
2019-01-10,20,6127,0.33
2019-01-11,34,24424,0.14
2019-01-14,47,15056,0.31
2019-01-15,26,94743,0.03
2019-01-16,51,26499,0.19
2019-01-17,26,13035,0.2
2019-01-18,0,12420,0.0
2019-01-21,22,22587,0.1
2019-01-22,26,17244,0.15
2019-01-23,61,9554,0.64
2019-01-24,18,35745,0.05
2019-01-25,61,24676,0.25
2019-01-28,84,19007,0.44
2019-01-29,168,13742,1.22
2019-01-30,303,105337,0.29
2019-01-31,84,60381,0.14
2019-02-01,109,43742,0.25
2019-02-07,42,85085,0.05
2019-02-08,189,26603,0.71
2019-02-11,21,27001,0.08
2019-02-12,10,34852,0.03
2019-02-13,14,17111,0.08
2019-02-14,175,81887,0.21
2019-02-15,0,28914,0.0
2019-02-18,24,61634,0.04
2019-02-19,39,49637,0.08
2019-02-20,75,34447,0.22
2019-02-21,22,35969,0.06
2019-02-22,0,28763,0.0
2019-02-25,5,32464,0.02
2019-02-26,2,38513,0.01
2019-02-27,5,28750,0.02
2019-02-28,746,36383,2.05
2019-03-04,5,53237,0.01
2019-03-05,84,33121,0.25
2019-03-06,0,44121,0.0
2019-03-07,341,48458,0.7
2019-03-08,9,15231,0.06
2019-03-11,277,21189,1.31
2019-03-12,30,13018,0.23
2019-03-13,0,14833,0.0
2019-03-14,25,17061,0.15
2019-03-15,21,29341,0.07
2019-03-18,53,19672,0.27
2019-03-19,3,46051,0.01
2019-03-20,12,38670,0.03
2019-03-21,99,26565,0.37
2019-03-22,204,25715,0.79
2019-03-25,1269,47635,2.66
2019-03-26,110,26030,0.42
2019-03-27,0,39890,0.0
2019-03-28,0,13178,0.0
2019-03-29,159,22561,0.7
2019-04-01,5,18906,0.03
2019-04-02,0,20839,0.0
2019-04-03,10,54422,0.02
2019-04-04,23,50849,0.05
2019-04-05,28,31123,0.09
2019-04-08,9,36183,0.02
2019-04-09,45,18613,0.24
2019-04-10,23,20823,0.11
2019-04-11,25,28008,0.09
2019-04-12,30,4820187,0.0
2019-04-15,1927,456077,0.42
2019-04-16,29,112622,0.03
2019-04-17,18,113902,0.02
2019-04-18,51,107568,0.05
2019-04-19,6,39067,0.02
2019-04-22,1,27334,0.0
2019-04-23,4,52958,0.01
2019-04-24,10,22214,0.05
2019-04-25,12,21256,0.06
2019-04-26,0,27684,0.0
2019-04-29,7,42416,0.02
2019-04-30,181,40526,0.45
2019-05-02,4,27675,0.01
2019-05-03,2,17327,0.01
2019-05-07,0,22510,0.0
2019-05-08,3,13619,0.02
2019-05-09,2,46463,0.0
2019-05-10,45,14204,0.32
2019-05-13,0,14630,0.0
2019-05-14,34,18422,0.18
2019-05-15,0,20421,0.0
2019-05-16,0,35209,0.0
2019-05-17,0,19687,0.0
2019-05-20,0,25490,0.0
2019-05-21,380,8876,4.28
2019-05-22,522,12092,4.32
2019-05-23,538,16675,3.23
2019-05-24,45,26106,0.17
2019-05-27,163,9138,1.78
2019-05-28,184,9077,2.03
2019-05-29,149,13198,1.13
2019-05-30,0,12872,0.0
2019-05-31,0,10329,0.0
2019-06-03,450,12779,3.52
2019-06-04,143,6386,2.24
2019-06-05,157,9923,1.58
2019-06-07,0,18956,0.0
2019-06-10,7,11163,0.06
2019-06-11,0,7827,0.0
2019-06-12,2,15582,0.01
2019-06-13,54,17063,0.32
2019-06-14,29,16727,0.17
2019-06-17,329,22763,1.45
2019-06-18,188,27750,0.68
2019-06-19,44,11514,0.38
2019-06-20,9,17387,0.05
2019-06-21,8,13811,0.06
2019-06-24,13,15089,0.09
2019-06-25,4,17460,0.02
2019-06-26,22,12382,0.18
2019-06-27,13,10121,0.13
2019-06-28,0,19895,0.0
2019-07-01,0,6794,0.0
2019-07-02,13,22263,0.06
2019-07-03,0,19425,0.0
2019-07-04,38,15454,0.25
2019-07-05,14,5452,0.26
2019-07-08,254,24844,1.02
2019-07-09,1823,11529,15.81
2019-07-10,157,13443,1.17
2019-07-11,146,12188,1.2
2019-07-12,167,3680,4.54
2019-07-15,1348,11295,11.93
2019-07-16,686,15148,4.53
2019-07-17,1019,18047,5.65
2019-07-18,36,17255,0.21
2019-07-19,136,5008,2.72
2019-07-22,11,3618,0.3
2019-07-23,101,6639,1.52
2019-07-24,999,10071,9.92
2019-07-25,547,15175,3.6
2019-07-26,308,6848,4.5
2019-07-29,875,19182,4.56
2019-07-30,545,9071,6.01
2019-07-31,1232,16696,7.38
2019-08-01,205,7867,2.61
2019-08-02,880,12851,6.85
2019-08-05,1668,28895,5.77
2019-08-06,2343,48044,4.88
2019-08-07,227,21412,1.06
2019-08-08,136,8091,1.68
2019-08-09,7,3797,0.18
2019-08-12,265,4492,5.9
2019-08-13,58,10822,0.54
2019-08-14,20,2184,0.92
2019-08-16,733,6562,11.17
2019-08-19,332,2877,11.54
2019-08-20,83,3646,2.28
2019-08-21,82,6079,1.35
2019-08-22,127,9399,1.35
2019-08-23,511,4950,10.32
2019-08-26,21,7240,0.29
2019-08-27,350,3646,9.6
2019-08-28,457,7267,6.29
2019-08-29,1,9218,0.01
2019-08-30,2,10620,0.02
2019-09-02,25,4462,0.56
2019-09-03,40,13979,0.29
2019-09-04,5,11747,0.04
2019-09-05,14,10356,0.14
2019-09-06,0,9448,0.0
2019-09-09,2,11775,0.02
2019-09-10,14,14974,0.09
2019-09-11,392,28181,1.39
2019-09-16,17,12783,0.13
2019-09-17,10,16713,0.06
2019-09-18,11,9292,0.12
2019-09-19,14,14068,0.1
2019-09-20,26,9041,0.29
2019-09-23,19,5085,0.37
2019-09-24,16,2850,0.56
2019-09-25,0,5633,0.0
2019-09-26,0,24072,0.0
2019-09-27,0,23095,0.0
2019-09-30,0,16925,0.0
2019-10-01,2,7858,0.03
2019-10-02,0,7012,0.0
2019-10-04,5,10315,0.05
2019-10-07,0,38663,0.0
2019-10-08,0,5842,0.0
2019-10-10,0,2908,0.0
2019-10-11,0,11023,0.0
2019-10-14,0,12104,0.0
2019-10-15,0,8499,0.0
2019-10-16,11,8325,0.13
2019-10-17,16,2157,0.74
2019-10-18,3,11427,0.03
2019-10-21,0,3864,0.0
2019-10-22,198,8507,2.33
2019-10-23,22,8385,0.26
2019-10-24,14,6186,0.23
2019-10-25,11,1974,0.56
2019-10-28,100,11559,0.87
2019-10-29,44,4626,0.95
2019-10-30,3,3901,0.08
2019-10-31,419,18883,2.22
2019-11-01,195,3895,5.01
2019-11-04,65,8684,0.75
2019-11-05,28,4891,0.57
2019-11-06,22,16054,0.14
2019-11-07,33,5396,0.61
2019-11-08,97,100715,0.1
2019-11-11,3290,344702,0.95
2019-11-12,14273,3739543,0.38
2019-11-13,15841,5678473,0.28
2019-11-14,11470,1336548,0.86
2019-11-15,565,603440,0.09
2019-11-18,493,297775,0.17
2019-11-19,40,294147,0.01
2019-11-20,13139,2001758,0.66
2019-11-21,12709,729931,1.74
2019-11-22,2236,271276,0.82
2019-11-25,782,125220,0.62
2019-11-26,10479,334091,3.14
2019-11-27,9309,342618,2.72
2019-11-28,0,130842,0.0
2019-11-29,2,95865,0.0
2019-12-02,86,80379,0.11
2019-12-03,0,71977,0.0
2019-12-04,0,102055,0.0
2019-12-05,3716,386820,0.96
2019-12-06,2160,414457,0.52
2019-12-09,27,186760,0.01
2019-12-10,8550,251351,3.4
2019-12-11,1479,211163,0.7
2019-12-12,352,157843,0.22
2019-12-13,301,157817,0.19
2019-12-16,118,169251,0.07
2019-12-17,45,120761,0.04
2019-12-18,471,82725,0.57
2019-12-19,12,65083,0.02
2019-12-20,39,100157,0.04
2019-12-23,126,141347,0.09
2019-12-24,48,113301,0.04
2019-12-26,128,152593,0.08
2019-12-27,21,115587,0.02
2019-12-30,104,106894,0.1
2020-01-02,2,88162,0.0
2020-01-03,1664,269323,0.62
2020-01-06,3326,146020,2.28
2020-01-07,1105,96694,1.14
2020-01-08,127,175704,0.07
2020-01-09,458,61708,0.74
2020-01-10,138,41196,0.33
2020-01-13,255,63314,0.4
2020-01-14,486,136813,0.36
2020-01-15,119,40641,0.29
2020-01-16,1376,206101,0.67
2020-01-17,115,48630,0.24
2020-01-20,20,95668,0.02
2020-01-21,14,40290,0.03
2020-01-22,159,26025,0.61
2020-01-23,2734,65357,4.18
2020-01-28,3,142155,0.0
2020-01-29,125,49929,0.25
2020-01-30,925,152062,0.61
2020-01-31,14,90848,0.02
2020-02-03,747,69475,1.08
2020-02-04,925,23370,3.96
2020-02-05,239,26235,0.91
2020-02-06,3509,47459,7.39
2020-02-07,3309,32712,10.12
2020-02-10,1906,19406,9.82
2020-02-11,46,23955,0.19
2020-02-12,335,55414,0.6
2020-02-13,33,43687,0.08
2020-02-14,12,46413,0.03
2020-02-17,67,30777,0.22
2020-02-18,828,59719,1.39
2020-02-19,5,78275,0.01
2020-02-20,269,84477,0.32
2020-02-21,6,43178,0.01
2020-02-24,386,72571,0.53
2020-02-25,61,32914,0.19
2020-02-26,2,24211,0.01
2020-02-27,685,47405,1.44
2020-02-28,110,67221,0.16
2020-03-02,90,46427,0.19
2020-03-03,7660,161769,4.74
2020-03-04,0,36589,0.0
2020-03-05,573,45236,1.27
2020-03-06,53,42157,0.13
2020-03-09,1061,73746,1.44
2020-03-10,767,41652,1.84
2020-03-11,476,48392,0.98
2020-03-12,1004,164052,0.61
2020-03-13,109,216228,0.05
2020-03-16,0,122471,0.0
2020-03-17,37,245297,0.02
2020-03-18,0,236671,0.0
2020-03-19,0,314056,0.0
2020-03-20,17,135880,0.01
2020-03-23,15,89325,0.02
2020-03-24,0,65894,0.0
2020-03-25,0,112020,0.0
2020-03-26,0,123791,0.0
2020-03-27,0,124963,0.0
2020-03-30,0,52254,0.0
2020-03-31,0,90495,0.0
2020-04-01,0,142991,0.0
2020-04-02,0,85885,0.0
2020-04-03,1,84706,0.0
2020-04-06,0,63674,0.0
2020-04-07,0,131334,0.0
2020-04-08,14,52136,0.03
2020-04-09,3,66817,0.0
2020-04-10,0,93422,0.0
2020-04-13,4,66794,0.01
2020-04-14,9,78681,0.01
2020-04-16,1,37891,0.0
2020-04-17,16,36164,0.04
2020-04-20,7,41822,0.02
2020-04-21,4,319683,0.0
2020-04-22,2,49168,0.0
2020-04-23,10,46091,0.02
2020-04-24,5,51552,0.01
2020-04-27,1,75667,0.0
2020-04-28,1,48345,0.0
2020-04-29,11,55689,0.02
2020-05-04,0,140258,0.0
2020-05-06,0,48535,0.0
2020-05-07,0,31030,0.0
2020-05-08,18,81970,0.02
2020-05-11,15,34015,0.04
2020-05-12,0,38357,0.0
2020-05-13,0,71295,0.0
2020-05-14,0,53618,0.0
2020-05-15,0,150686,0.0
2020-05-18,5,35544,0.01
2020-05-19,3,11914,0.03
2020-05-20,10,22012,0.05
2020-05-21,3,20590,0.01
2020-05-22,2,159915,0.0
2020-05-25,3,28264,0.01
2020-05-26,2,35287,0.01
2020-05-27,12,48222,0.02
2020-05-28,7,28086,0.02
2020-05-29,6,12849,0.05
2020-06-01,8,21041,0.04
2020-06-02,21,18007,0.12
2020-06-03,129,51596,0.25
2020-06-04,81,29590,0.27
2020-06-05,91,17727,0.51
2020-06-08,48,22259,0.22
2020-06-09,37,115501,0.03
2020-06-10,44,36826,0.12
2020-06-11,46,36573,0.13
2020-06-12,15,50547,0.03
2020-06-15,6,41966,0.01
2020-06-16,47,22950,0.2
2020-06-17,17,23429,0.07
2020-06-18,18,15357,0.12
2020-06-19,6,20888,0.03
2020-06-22,4,17464,0.02
2020-06-23,5,7239,0.07
2020-06-24,6,65970,0.01
2020-06-25,1,13489,0.01
2020-06-26,0,16530,0.0
2020-06-29,0,17159,0.0
2020-06-30,0,5963,0.0
2020-07-01,5,15323,0.03
2020-07-02,1,4372,0.02
2020-07-03,0,4636,0.0
2020-07-06,7,13854,0.05
2020-07-07,0,12402,0.0
2020-07-08,3,9271,0.03
2020-07-09,2,18917,0.01
2020-07-10,0,17387,0.0
2020-07-13,0,10618,0.0
2020-07-14,2,14952,0.01
2020-07-15,7,11761,0.06
2020-07-16,24,15667,0.15
2020-07-17,7,7739,0.09
2020-07-20,14,24888,0.06
2020-07-21,13,16472,0.08
2020-07-22,23,13018,0.18
2020-07-23,36,30603,0.12
2020-07-24,0,27946,0.0
2020-07-27,2,14481,0.01
2020-07-28,11,27756,0.04
2020-07-29,3,13144,0.02
2020-07-30,0,27643,0.0
2020-07-31,0,11343,0.0
2020-08-03,36,11666,0.31
2020-08-04,3,44830,0.01
2020-08-05,97,37997,0.26
2020-08-06,6,961985,0.0
2020-08-07,10,108559,0.01
2020-08-10,24,62433,0.04
2020-08-11,46,44236,0.1
2020-08-12,30,89858,0.03
2020-08-13,22,36976,0.06
2020-08-14,26,44113,0.06
2020-08-18,35,118003,0.03
2020-08-19,6,30100,0.02
2020-08-20,1,108324,0.0
2020-08-21,16,26931,0.06
2020-08-24,22,30434,0.07
2020-08-25,20,29716,0.07
2020-08-26,9,70494,0.01
2020-08-27,11,61438,0.02
2020-08-28,11,47954,0.02
2020-08-31,7,42680,0.02
2020-09-01,14,53820,0.03
2020-09-02,15,61031,0.02
2020-09-03,4,123490,0.0
2020-09-04,14,102111,0.01
2020-09-07,11,333654,0.0
2020-09-08,16,74049,0.02
2020-09-09,21,90249,0.02
2020-09-10,8,104473,0.01
2020-09-11,5,133203,0.0
2020-09-14,14,189842,0.01
2020-09-15,16,49777,0.03
2020-09-16,33,188254,0.02
2020-09-17,2,399805,0.0
2020-09-18,11,114098,0.01
2020-09-21,8,217615,0.0
2020-09-22,6,129216,0.0
2020-09-23,2,88479,0.0
2020-09-24,2,84670,0.0
2020-09-25,1,44810,0.0
2020-09-28,0,52732,0.0
2020-09-29,16,23397,0.07
2020-10-05,0,26549,0.0
2020-10-06,5,26333,0.02
2020-10-07,19,23107,0.08
2020-10-08,277,46934,0.59
2020-10-12,40,35411,0.11
2020-10-13,17,35270,0.05
2020-10-14,326,211778,0.15
2020-10-15,19,99689,0.02
2020-10-16,4,60511,0.01
2020-10-19,20,28575,0.07
2020-10-20,30,69550,0.04
2020-10-21,33,27326,0.12
2020-10-22,68,18815,0.36
2020-10-23,9,84676,0.01
2020-10-26,21,1042770,0.0
2020-10-27,15,926048,0.0
2020-10-28,12,183898,0.01
2020-10-29,0,162811,0.0
2020-10-30,1,98298,0.0
2020-11-02,1,57273,0.0
2020-11-03,5,70451,0.01
2020-11-04,1,48080,0.0
2020-11-05,1,55180,0.0
2020-11-06,3,48787,0.01
2020-11-09,1,282733,0.0
2020-11-10,17,71018,0.02
2020-11-11,0,75673,0.0
2020-11-12,0,46385,0.0
2020-11-13,1,54886,0.0
2020-11-16,0,67615,0.0
2020-11-17,0,61790,0.0
2020-11-18,28,34696,0.08
2020-11-19,2,37225,0.01
2020-11-20,25,72446,0.03
2020-11-23,23,59638,0.04
2020-11-24,6,39813,0.02
2020-11-25,16,54296,0.03
2020-11-26,18,33631,0.05
2020-11-27,4,17427,0.02
2020-11-30,14,18380,0.08
2020-12-01,47,24180,0.19
2020-12-02,30,30088,0.1
2020-12-03,15,32772,0.05
2020-12-04,12,31031,0.04
2020-12-07,9,103434,0.01
2020-12-08,14,88482,0.02
2020-12-09,7,96190,0.01
2020-12-10,25,112064,0.02
2020-12-11,2156,103287,2.09
2020-12-14,875,94463,0.93
2020-12-15,327,52965,0.62
2020-12-16,1432,35739,4.01
2020-12-17,519,33425,1.55
2020-12-18,302,51569,0.59
2020-12-21,70,35280,0.2
2020-12-22,10,61016,0.02
2020-12-23,4,76056,0.01
2020-12-24,67,60329,0.11
2020-12-28,480,376955,0.13
2020-12-29,29,131900,0.02
2020-12-30,151,82594,0.18
2021-01-04,204,75064,0.27
2021-01-05,180,112368,0.16
2021-01-06,18,223648,0.01
2021-01-07,20,106873,0.02
2021-01-08,13,94526,0.01
